[
    {
        "name": "closure_ce5a85b62d05f80c896234bfb0d9e587",
        "type": "closure",
        "action": "{}",
        "environment": "[]",
        "start_at": "2022-11-12 11:05:01",
        "end_at": "2022-11-12 11:05:01",
        "duration": "00:00:00",
        "output": "",
        "error": "null",
        "test_time": null
    },
    {
        "name": "closure_ce5a85b62d05f80c896234bfb0d9e587",
        "type": "closure",
        "action": "{}",
        "environment": "[]",
        "start_at": "2022-11-12 11:00:01",
        "end_at": "2022-11-12 11:00:01",
        "duration": "00:00:00",
        "output": "",
        "error": "null",
        "test_time": null
    },
    {
        "name": "closure_ce5a85b62d05f80c896234bfb0d9e587",
        "type": "closure",
        "action": "{}",
        "environment": "[]",
        "start_at": "2022-11-12 10:55:01",
        "end_at": "2022-11-12 10:55:01",
        "duration": "00:00:00",
        "output": "",
        "error": "null",
        "test_time": null
    }
]